,rs1,rs2,rs3,rs4,rs5,rs6,rs7,rs8,rs9,rs10,rs11,rs12,rs13,rs14,rs15,rs16,rs17,rs18,rs19,rs20,rs21,rs22,rs23,rs24,rs25,rs26,rs27,rs28,rs29,rs30,rs31,rs32,rs33,rs34,rs35,rs36,rs37,rs38,rs39,rs40,TP53,APOE,APP,CLU,BIN1,ABCA7,CR1,EPHA1,CELF1,CDH13,GENE_1,GENE_2,GENE_3,GENE_4,GENE_5,GENE_6,GENE_7,GENE_8,GENE_9,GENE_10,GENE_11,GENE_12,GENE_13,GENE_14,GENE_15
Sample_1,-0.9965576489929339,1.7513769377608628,0.5443310539518175,0.4033433953185466,-0.9342256463389134,-0.9502552681394963,-0.8419970834600041,1.441153384245784,0.2716006517137776,0.6726022302119343,-0.7680245771797114,1.3509455931607113,1.406930010624026,-0.9228657827002029,-0.9496528264568826,-0.8589556903873335,-0.7433817634523111,0.6965260331469929,-0.7915797278058261,-0.9246484223154162,0.3090977212369663,-0.9801960588196071,-0.8949064483033212,-0.7915797278058261,-0.9247289737602371,0.24019223070763066,-0.8421601936380788,0.3172871584851762,0.5282705437953745,-0.9798329425373014,0.4069940684815212,-1.0492746059526405,-0.9496528264568826,1.3107710728304645,1.5565406489861773,1.5251421211619816,-0.9304804031721451,-0.8432555626256008,0.26475535141183226,-0.8966654385477165,-1.1115934938685015,0.7380314884799402,-1.4290720000137662,-0.4600466250019836,0.20792295285116213,1.7878701132977592,-0.9789141174694844,-0.7342716822344921,-0.08843603040230255,0.351197724009964,-0.9478982079239041,0.398528456575887,-0.2548900647112365,-0.24523519507669264,0.2653707995831255,0.24892216721804736,-0.27891541722156077,-0.07911546469274468,-0.1073995436343221,-0.36946035983368986,-0.3242747612182634,1.9217758223623682,0.5023088119615859,-0.2119691876922864,0.6608198572402286
Sample_2,-0.9965576489929339,-0.8432555626256005,-0.8164965809277261,1.6770593805350096,-0.9342256463389134,0.3455473702325442,-0.8419970834600041,0.24019223070763063,0.2716006517137776,-0.7189885909162058,2.1120675872442067,0.1039188917815932,1.406930010624026,1.6525736108817586,0.4069940684815212,1.483650737941758,-0.7433817634523111,-0.7960297521679919,-0.7915797278058261,-0.9246484223154162,-0.927293163710899,-0.9801960588196071,1.724331936974692,-0.7915797278058261,-0.9247289737602371,0.24019223070763066,-0.8421601936380788,1.586435792425881,-0.7924058156930617,1.5762529945165282,0.4069940684815212,-1.0492746059526405,-0.9496528264568826,1.3107710728304645,0.32769276820761634,0.27160065171377756,0.2831896879219571,-0.8432555626256008,-0.9571924243350858,-0.8966654385477165,-0.9303531749438236,0.539154367180107,-0.22203711184414462,0.8250704449867164,-0.1839283666481104,-1.2648931883798917,-0.8796197994240976,-1.3374516649442847,0.07403537699525822,1.9179387271709478,2.5430912275192,0.6331721227378027,0.8227418289348877,-2.129270018586969,-0.815621840931112,-0.5575400394424158,-0.4657116271985524,-0.14902922497663018,-0.4816514662986714,-1.765385591777461,0.6642201743603197,-0.7740691722733907,0.11151969103969085,1.9910055258112682,-0.9273874715874012
Sample_3,1.3482838780492634,0.454060687567631,-0.8164965809277261,-0.8703725898979164,-0.9342256463389134,-0.9502552681394963,0.5234035924210836,0.24019223070763063,1.525142121161982,-0.7189885909162058,-0.7680245771797114,0.1039188917815932,0.16552117772047362,0.3648539140907779,0.4069940684815212,-0.8589556903873335,0.6954216496811941,-0.7960297521679919,-0.7915797278058261,-0.9246484223154162,-0.927293163710899,0.42008402520840316,-0.8949064483033212,0.5654140912898757,1.597259136494955,-0.9607689228305228,-0.8421601936380788,0.3172871584851762,-0.7924058156930617,-0.9798329425373014,-0.9496528264568826,-1.0492746059526405,1.763640963419925,1.3107710728304645,0.32769276820761634,1.5251421211619816,1.4968597790160594,-0.8432555626256008,1.4867031271587505,0.5191220960013097,-1.4037700754062545,-0.06311325985454279,0.48240745433300364,1.224394518544223,-1.4548527309490085,0.7159320089575157,-0.26911537094023835,-0.24636510409397427,2.4738509961400488,-1.5723729216714508,0.27283096345359503,0.44637181180966284,1.469466417201336,-0.1266683042748714,0.028879700458152247,-0.15529169797900763,0.4355262123760509,-0.35810929450471496,0.5850043111414623,-0.3691127909907217,0.3001182868257512,0.2789634062784464,1.188867072583627,0.014957295474120478,-1.766177983454294
Sample_4,1.3482838780492634,1.7513769377608628,-0.8164965809277261,-0.8703725898979164,-0.9342256463389134,-0.9502552681394963,1.8888042683021713,1.441153384245784,-0.9819408177344268,0.6726022302119343,-0.7680245771797114,-1.1431078095975247,-1.0758876551830787,-0.9228657827002029,1.763640963419925,-0.8589556903873335,0.6954216496811941,0.6965260331469929,-0.7915797278058261,1.920423646347403,1.5454886061848316,-0.9801960588196071,-0.8949064483033212,-0.7915797278058261,-0.9247289737602371,-0.9607689228305228,0.4875664278957299,0.3172871584851762,-0.7924058156930617,-0.9798329425373014,1.763640963419925,-1.0492746059526405,-0.9496528264568826,-1.1469246887266564,1.5565406489861773,-0.9819408177344264,0.2831896879219571,0.4540606875676311,-0.9571924243350858,0.5191220960013097,1.6061076422507177,0.10160709874122482,-1.207839632530277,-0.9658300218534505,0.51828114882437,-1.8059937672518969,3.0563969895224847,0.9189615735976979,0.15107029425476423,-0.010246327646427822,0.3093542450632567,0.5049578827202353,0.9823617079424882,0.3559085749045032,-0.18799211515662173,0.04201704274199833,0.009805505063708092,-0.18099703335386041,1.0845543943815734,0.46635515956553864,-2.9573571480503142,0.9703992129171554,0.057445187218504,0.045344399129171827,-0.40576082406850916
Sample_5,-0.9965576489929339,0.454060687567631,0.5443310539518175,0.4033433953185466,-0.9342256463389134,1.6413500086045847,-0.8419970834600041,-0.9607689228305227,-0.9819408177344268,0.6726022302119343,0.6720215050322476,-1.1431078095975247,0.16552117772047362,-0.9228657827002029,0.4069940684815212,-0.8589556903873335,0.6954216496811941,-0.7960297521679919,1.9224079103855773,-0.9246484223154162,-0.927293163710899,-0.9801960588196071,1.724331936974692,1.9224079103855773,-0.9247289737602371,0.24019223070763066,1.8172930494295387,0.3172871584851762,0.5282705437953745,-0.9798329425373014,-0.9496528264568826,1.3721283308611454,1.763640963419925,0.081923192051904,-0.9011551125709447,-0.9819408177344264,0.2831896879219571,1.751376937760863,1.4867031271587505,0.5191220960013097,0.22680816421483846,1.0640041273736986,-0.551970790543335,0.5801112469327305,-1.2594381590365133,-1.081659897385837,-0.4180888412160173,0.7247446631725512,0.8513149417819479,0.6024670638614131,0.813952759673745,0.49953654937098063,-0.44023902531840525,0.22548187935618996,0.5176372252902156,1.008332340307962,1.3669532346809072,0.8978108450944007,0.32155101095758226,0.8797607101906803,-0.09620182419881826,-0.5814535248902262,-0.37723774463703824,-0.6297956082941017,-0.6874314581980345
Sample_6,0.17586311452816483,-0.8432555626256005,-0.8164965809277261,1.6770593805350096,0.25840283834906114,-0.9502552681394963,-0.8419970834600041,0.24019223070763063,-0.9819408177344268,-0.7189885909162058,0.6720215050322476,0.1039188917815932,0.16552117772047362,-0.9228657827002029,0.4069940684815212,-0.8589556903873335,-0.7433817634523111,0.6965260331469929,0.5654140912898757,1.920423646347403,0.3090977212369663,0.42008402520840316,-0.8949064483033212,-0.7915797278058261,-0.9247289737602371,-0.9607689228305228,1.8172930494295387,-0.9518614754555286,1.8489469032838104,0.2982100259896134,0.4069940684815212,0.16142686245425236,0.4069940684815212,-1.1469246887266564,-0.9011551125709447,0.27160065171377756,-0.9304804031721451,-0.8432555626256008,0.26475535141183226,-0.8966654385477165,-0.1451447455380267,-1.2568280725639593,-0.8747417130658749,-0.7068058758140668,0.24462923161498087,0.2412279122482182,-0.5937957799593914,0.5210161747627221,0.836391736054257,-1.685199913223786,-0.8940809191217891,-0.9098389641333604,-0.770180412698375,0.6447139860505579,-0.4693258978108966,-0.026196044588403525,-1.8662294899403675,0.8107551123388044,-1.2298749892899297,0.0034802899677593264,0.20219883472770483,1.6816086207697463,-1.7691747645539142,-2.7444923948757554,0.15664536123974956
Sample_7,1.3482838780492634,1.7513769377608628,1.9051586888313607,-0.8703725898979164,-0.9342256463389134,1.6413500086045847,-0.8419970834600041,1.441153384245784,1.525142121161982,2.0641930513400744,-0.7680245771797114,-1.1431078095975247,1.406930010624026,-0.9228657827002029,-0.9496528264568826,0.3123475237772123,2.1342250628146995,0.6965260331469929,0.5654140912898757,-0.9246484223154162,0.3090977212369663,1.8203641092364133,-0.8949064483033212,0.5654140912898757,1.597259136494955,0.24019223070763066,0.4875664278957299,0.3172871584851762,-0.7924058156930617,-0.9798329425373014,1.763640963419925,1.3721283308611454,1.763640963419925,1.3107710728304645,0.32769276820761634,0.27160065171377756,0.2831896879219571,0.4540606875676311,0.26475535141183226,0.5191220960013097,2.0335864729696116,2.061270228379059,1.1650654630831265,-0.8766218915308224,0.08840606452532268,-0.6926256740250781,0.6000153687395811,0.36680110845157027,0.9540509691189354,3.0259815500719505,0.43203282291546097,-0.6245486542098942,0.24072162749175485,-2.0955441169870785,-0.9665490493804544,-0.17319769450985475,-0.3677278661107444,0.2337784255451219,-0.8233298554434807,0.9238952841250521,-0.06995701716538935,0.299108642151223,-0.5774813953799156,0.20701812194635663,0.7867334300345933
Sample_8,1.3482838780492634,-0.8432555626256005,-0.8164965809277261,-0.8703725898979164,0.25840283834906114,-0.9502552681394963,-0.8419970834600041,0.24019223070763063,-0.9819408177344268,0.6726022302119343,-0.7680245771797114,-1.1431078095975247,1.406930010624026,-0.9228657827002029,-0.9496528264568826,0.3123475237772123,0.6954216496811941,-0.7960297521679919,0.5654140912898757,-0.9246484223154162,-0.927293163710899,0.42008402520840316,0.4147127443356854,0.5654140912898757,0.33626508136735905,1.4411533842457842,0.4875664278957299,-0.9518614754555286,0.5282705437953745,-0.9798329425373014,-0.9496528264568826,-1.0492746059526405,-0.9496528264568826,1.3107710728304645,1.5565406489861773,0.27160065171377756,-0.9304804031721451,-0.8432555626256008,-0.9571924243350858,-0.8966654385477165,-0.08372149990961104,-1.1341106280367383,-0.8706618492571936,-1.6091823760442603,-0.5377717333860138,-0.21616684737356345,0.9673860895161593,0.12319793958370195,0.12262537031454487,0.9668856691798408,-0.17616910020359206,0.36168966898825705,0.15487290741251422,0.049838619241928804,-0.8554134898855613,-2.2340521883777904,0.02701469997533344,1.7511520526177802,0.8821250153681459,0.7888963396605995,1.1436086998656656,0.3979632937072333,0.06057894976452817,-0.51149101601827,-0.3345761106682113
Sample_9,0.17586311452816483,0.454060687567631,0.5443310539518175,-0.8703725898979164,1.4510313230370357,0.3455473702325442,0.5234035924210836,0.24019223070763063,-0.9819408177344268,-0.7189885909162058,-0.7680245771797114,0.1039188917815932,-1.0758876551830787,-0.9228657827002029,-0.9496528264568826,-0.8589556903873335,2.1342250628146995,0.6965260331469929,-0.7915797278058261,-0.9246484223154162,-0.927293163710899,-0.9801960588196071,-0.8949064483033212,-0.7915797278058261,-0.9247289737602371,0.24019223070763066,0.4875664278957299,-0.9518614754555286,-0.7924058156930617,0.2982100259896134,0.4069940684815212,1.3721283308611454,0.4069940684815212,-1.1469246887266564,-0.9011551125709447,0.27160065171377756,-0.9304804031721451,0.4540606875676311,1.4867031271587505,0.5191220960013097,0.4582975688194533,1.2982468055462892,0.05818463051726683,-0.8410785273667931,0.6895974634054134,0.816054665996191,-1.172281644633045,-2.4428583368499996,-0.5912815790929676,-1.267884430712143,-0.6018151389465607,-0.22850513479347118,-0.23212427024608376,1.301680480144162,0.04743718280861754,0.5475120679843644,0.7930749118552769,-1.3084326824282488,0.9922335589779105,-0.11422558877606938,0.5881912427198339,-0.7731752707314159,-2.0667420857722636,0.8231271219104589,0.34585392104534746
Sample_10,-0.9965576489929339,0.454060687567631,-0.8164965809277261,0.4033433953185466,1.4510313230370357,-0.9502552681394963,1.8888042683021713,1.441153384245784,-0.9819408177344268,-0.7189885909162058,-0.7680245771797114,-1.1431078095975247,-1.0758876551830787,0.3648539140907779,-0.9496528264568826,-0.8589556903873335,2.1342250628146995,-0.7960297521679919,1.9224079103855773,-0.9246484223154162,-0.927293163710899,0.42008402520840316,0.4147127443356854,1.9224079103855773,0.33626508136735905,1.4411533842457842,-0.8421601936380788,-0.9518614754555286,0.5282705437953745,1.5762529945165282,1.763640963419925,-1.0492746059526405,-0.9496528264568826,0.081923192051904,-0.9011551125709447,1.5251421211619816,1.4968597790160594,-0.8432555626256008,0.26475535141183226,0.5191220960013097,-1.3813591767547808,-0.5964214759895662,0.5059832437283601,-0.7889580748777816,1.933909001186566,-0.6227599750827355,0.7495678992042317,-0.4696717132418561,0.5155886813596545,-0.5379972203366259,-0.20535281102684255,-0.02159299246944491,-0.839043366565389,0.5512290919412223,-0.7863771005936064,0.010273120411874368,-0.8439403506765961,-3.008679558852602,-0.207529162168141,2.0442384876314277,0.7002504087039004,0.28905740585131434,-0.49851037561247336,0.08362433159791902,0.5135923850241305
Sample_11,-0.9965576489929339,1.7513769377608628,0.5443310539518175,1.6770593805350096,-0.9342256463389134,1.6413500086045847,-0.8419970834600041,-0.9607689228305227,1.525142121161982,-0.7189885909162058,-0.7680245771797114,1.3509455931607113,1.406930010624026,0.3648539140907779,0.4069940684815212,-0.8589556903873335,-0.7433817634523111,-0.7960297521679919,0.5654140912898757,0.4978876120159933,0.3090977212369663,0.42008402520840316,-0.8949064483033212,-0.7915797278058261,-0.9247289737602371,0.24019223070763066,-0.8421601936380788,1.586435792425881,-0.7924058156930617,-0.9798329425373014,-0.9496528264568826,0.16142686245425236,0.4069940684815212,-1.1469246887266564,-0.9011551125709447,0.27160065171377756,-0.9304804031721451,1.751376937760863,0.26475535141183226,-0.8966654385477165,-1.6026120936411439,1.947396596343981,0.8816008603810142,1.5329786662381295,-0.1909307419845123,0.25886660842883724,0.781382009924525,0.45339189152353343,-0.40276536623559567,-0.5698074433576994,0.09846725938564438,1.6320648782461384,-1.1009869146558156,-1.777548948571988,-0.11336187589141952,0.2940737896768681,0.338528700466919,0.3431846132964062,-0.23890914349979206,1.2438272801936663,-1.6421038569759756,-0.5275872618163228,-0.3045739252246731,-1.4649292258261644,-0.19679809937371617
Sample_12,-0.9965576489929339,1.7513769377608628,-0.8164965809277261,-0.8703725898979164,1.4510313230370357,1.6413500086045847,1.8888042683021713,0.24019223070763063,-0.9819408177344268,-0.7189885909162058,0.6720215050322476,0.1039188917815932,-1.0758876551830787,1.6525736108817586,-0.9496528264568826,-0.8589556903873335,-0.7433817634523111,-0.7960297521679919,-0.7915797278058261,-0.9246484223154162,-0.927293163710899,0.42008402520840316,0.4147127443356854,0.5654140912898757,1.597259136494955,-0.9607689228305228,-0.8421601936380788,1.586435792425881,-0.7924058156930617,1.5762529945165282,-0.9496528264568826,1.3721283308611454,-0.9496528264568826,1.3107710728304645,0.32769276820761634,1.5251421211619816,-0.9304804031721451,0.4540606875676311,1.4867031271587505,0.5191220960013097,0.6533089695106646,0.9482890355081116,-0.35587288349383905,-1.5356839076851194,0.2221584982828139,-0.11938108366696744,-0.13288940422460296,1.1451933849012157,0.4719399689637498,-1.1500250967590546,0.2645252415001052,0.4798469053170721,1.5295710302643624,1.4367378744422963,-1.2845866170703104,-0.580969872928749,-1.1105001902927016,-0.22771239291503736,0.4336236083557402,0.8079249048572551,-0.1447374009187189,-0.014281412809712964,0.00523242552744392,-0.7136916705417324,2.0291668586443588
Sample_13,0.17586311452816483,0.454060687567631,-0.8164965809277261,0.4033433953185466,0.25840283834906114,1.6413500086045847,-0.8419970834600041,-0.9607689228305227,1.525142121161982,2.0641930513400744,-0.7680245771797114,0.1039188917815932,-1.0758876551830787,-0.9228657827002029,-0.9496528264568826,-0.8589556903873335,0.6954216496811941,-0.7960297521679919,1.9224079103855773,1.920423646347403,0.3090977212369663,0.42008402520840316,-0.8949064483033212,1.9224079103855773,0.33626508136735905,-0.9607689228305228,1.8172930494295387,1.586435792425881,1.8489469032838104,0.2982100259896134,0.4069940684815212,-1.0492746059526405,1.763640963419925,1.3107710728304645,-0.9011551125709447,-0.9819408177344264,-0.9304804031721451,1.751376937760863,1.4867031271587505,-0.8966654385477165,-1.3064413800462333,0.3670216826990724,1.3711506111686695,0.2368693834681677,-0.06099030052930807,-0.10237491095878322,-0.006144126072177458,1.236658767072786,-2.1851383912060434,1.7031778169151257,-1.6531826484282703,-0.35885027663017943,-0.20558493180646906,0.39065418324758566,-1.8633520833135435,0.7117057022351813,2.2129220571127677,-1.5763882476467845,0.16380299777620738,-0.6227212396171098,0.3480225424886625,0.32781716410451456,-0.9584539227496823,0.5163110837529645,1.7489398635407005
Sample_14,0.17586311452816483,-0.8432555626256005,1.9051586888313607,1.6770593805350096,1.4510313230370357,-0.9502552681394963,-0.8419970834600041,-0.9607689228305227,-0.9819408177344268,2.0641930513400744,2.1120675872442067,1.3509455931607113,1.406930010624026,0.3648539140907779,0.4069940684815212,1.483650737941758,2.1342250628146995,-0.7960297521679919,-0.7915797278058261,-0.9246484223154162,1.5454886061848316,0.42008402520840316,-0.8949064483033212,0.5654140912898757,0.33626508136735905,-0.9607689228305228,-0.8421601936380788,0.3172871584851762,0.5282705437953745,0.2982100259896134,0.4069940684815212,1.3721283308611454,0.4069940684815212,0.081923192051904,1.5565406489861773,-0.9819408177344264,-0.9304804031721451,-0.8432555626256008,0.26475535141183226,0.5191220960013097,-0.18196063340192575,0.12489836865022493,-0.28264039162753146,0.096883967135158,1.0471564114840677,1.6619193289714214,0.4885719912845636,-0.4540667895203224,-0.06378245822921845,-1.2999185366093826,0.6755251210769169,0.9010313667071472,-0.23084387571264056,-0.7256698578644233,-0.0129841313747305,-0.20105840473653858,0.09602369357265768,2.5597378633598575,-0.26214429802593064,-0.3593368362731923,-0.7059880682486377,1.059498654984948,-0.3992963228541419,-0.5409820555154545,1.2743029551282192
Sample_15,0.17586311452816483,-0.8432555626256005,-0.8164965809277261,-0.8703725898979164,-0.9342256463389134,0.3455473702325442,-0.8419970834600041,-0.9607689228305227,1.525142121161982,-0.7189885909162058,0.6720215050322476,0.1039188917815932,-1.0758876551830787,0.3648539140907779,1.763640963419925,1.483650737941758,-0.7433817634523111,2.189081818461978,-0.7915797278058261,-0.9246484223154162,-0.927293163710899,1.8203641092364133,-0.8949064483033212,-0.7915797278058261,0.33626508136735905,-0.9607689228305228,-0.8421601936380788,-0.9518614754555286,-0.7924058156930617,-0.9798329425373014,-0.9496528264568826,0.16142686245425236,-0.9496528264568826,-1.1469246887266564,1.5565406489861773,-0.9819408177344264,0.2831896879219571,-0.8432555626256008,-0.9571924243350858,-0.8966654385477165,1.0962992120212363,-1.081394714394742,-2.3760488553355077,0.4089942400575961,-1.0419476844022442,0.997525985433892,-1.657993248043692,0.7550348648269868,-1.2250875370178973,0.8372901032892982,-0.002079208123900371,-1.1124720327989934,-0.18103115933082467,0.49375082152149036,-0.17179767373042643,0.8358324287901738,2.1644471994957843,-1.816545916086628,1.5560588371377475,0.04201384357101857,-0.9526853223200034,-1.0339976596015552,-0.40888916997129754,0.9195928657547847,-0.14933354748097422
Sample_16,-0.9965576489929339,-0.8432555626256005,-0.8164965809277261,-0.8703725898979164,-0.9342256463389134,-0.9502552681394963,-0.8419970834600041,-0.9607689228305227,0.2716006517137776,0.6726022302119343,-0.7680245771797114,0.1039188917815932,0.16552117772047362,-0.9228657827002029,1.763640963419925,1.483650737941758,-0.7433817634523111,-0.7960297521679919,1.9224079103855773,0.4978876120159933,-0.927293163710899,-0.9801960588196071,-0.8949064483033212,-0.7915797278058261,0.33626508136735905,-0.9607689228305228,-0.8421601936380788,0.3172871584851762,-0.7924058156930617,-0.9798329425373014,0.4069940684815212,1.3721283308611454,0.4069940684815212,0.081923192051904,-0.9011551125709447,-0.9819408177344264,0.2831896879219571,-0.8432555626256008,-0.9571924243350858,-0.8966654385477165,0.5340037109928214,-1.858754794666626,-0.5897412189894103,-1.5290195070834212,-0.24764258783268753,1.0897488776686268,-0.22799832840196982,-2.7517717318666826,0.12776600187155626,0.5201071280253469,0.44566979639744925,1.288594231632063,-0.9151833799301573,0.48731568909890927,0.9068671313077689,-1.5636339533011487,0.48669052763164217,-0.5503948472762171,-0.1007281702368538,0.25307434045005234,-0.5485749037603003,-0.37339963514137336,-0.13764260170997317,-0.948071013519985,-1.090931184750412
Sample_17,-0.9965576489929339,-0.8432555626256005,-0.8164965809277261,-0.8703725898979164,-0.9342256463389134,1.6413500086045847,0.5234035924210836,0.24019223070763063,0.2716006517137776,-0.7189885909162058,-0.7680245771797114,0.1039188917815932,0.16552117772047362,0.3648539140907779,-0.9496528264568826,-0.8589556903873335,-0.7433817634523111,-0.7960297521679919,0.5654140912898757,0.4978876120159933,-0.927293163710899,1.8203641092364133,0.4147127443356854,-0.7915797278058261,-0.9247289737602371,-0.9607689228305228,-0.8421601936380788,-0.9518614754555286,-0.7924058156930617,-0.9798329425373014,-0.9496528264568826,1.3721283308611454,-0.9496528264568826,0.081923192051904,-0.9011551125709447,1.5251421211619816,-0.9304804031721451,-0.8432555626256008,1.4867031271587505,1.934909630550336,-0.1261816929890164,-1.5824587728257784,0.06373179600161229,-0.058311287887689266,-1.8308843725331705,-0.4090627558467899,1.2624779972769862,-1.124084030903537,-0.5086469316186254,0.5474238532214077,0.880875714987655,-0.3422781341273195,-0.39162327675406605,1.2699414841681924,1.4492625850520917,1.236364574239541,0.2493911745006843,-0.9135988439149705,-0.8311561747997213,0.4047315511512172,0.340669033418697,1.7229233962894601,0.61107655797283,-1.3346708174469413,1.0096345701618537
Sample_18,1.3482838780492634,-0.8432555626256005,-0.8164965809277261,0.4033433953185466,1.4510313230370357,0.3455473702325442,0.5234035924210836,-0.9607689228305227,0.2716006517137776,-0.7189885909162058,-0.7680245771797114,-1.1431078095975247,0.16552117772047362,-0.9228657827002029,-0.9496528264568826,0.3123475237772123,-0.7433817634523111,0.6965260331469929,-0.7915797278058261,-0.9246484223154162,0.3090977212369663,-0.9801960588196071,-0.8949064483033212,-0.7915797278058261,-0.9247289737602371,1.4411533842457842,-0.8421601936380788,1.586435792425881,-0.7924058156930617,0.2982100259896134,0.4069940684815212,0.16142686245425236,-0.9496528264568826,-1.1469246887266564,-0.9011551125709447,1.5251421211619816,1.4968597790160594,1.751376937760863,-0.9571924243350858,0.5191220960013097,-0.18764101647926298,-0.8836151642012041,-0.33709010121514216,1.9424495727033089,3.045693063182572,0.8213395259268127,-0.008732996403979074,0.3959195937767229,0.788504115997696,-0.2969522419316453,2.042456703397937,0.18581487362122454,0.8193128684512175,0.4722444548258455,0.14158528866530545,1.0942878167112684,-0.46207172549904746,-0.6150387499448039,-1.0942058387620488,0.3327247319286689,0.6946851549085463,0.7704575734514146,1.855150894018415,0.057535267041825884,0.6330981387724511
Sample_19,1.3482838780492634,-0.8432555626256005,-0.8164965809277261,0.4033433953185466,0.25840283834906114,1.6413500086045847,-0.8419970834600041,0.24019223070763063,-0.9819408177344268,-0.7189885909162058,-0.7680245771797114,1.3509455931607113,0.16552117772047362,0.3648539140907779,-0.9496528264568826,1.483650737941758,-0.7433817634523111,2.189081818461978,-0.7915797278058261,-0.9246484223154162,-0.927293163710899,-0.9801960588196071,0.4147127443356854,0.5654140912898757,-0.9247289737602371,1.4411533842457842,-0.8421601936380788,0.3172871584851762,1.8489469032838104,0.2982100259896134,-0.9496528264568826,1.3721283308611454,0.4069940684815212,-1.1469246887266564,-0.9011551125709447,0.27160065171377756,0.2831896879219571,0.4540606875676311,1.4867031271587505,0.5191220960013097,-0.26196331693008207,-0.8864737136332254,0.09188314593798597,0.9591970164807012,-0.13974016808956827,0.17147788529118213,-1.2405988354135122,-0.4981636484637188,0.7911210771984409,0.6694791895861802,0.5563046808243719,-0.011883872631279283,0.27680633382353403,-0.926325376914756,0.4167991561142614,0.6698701865612373,0.6612389845747506,-0.5764987469505329,-2.121387287284574,0.9031831278778348,-0.5403355913500583,-0.562179800111236,0.6633508124298425,-0.3017149615991878,1.0174842955314902
Sample_20,-0.9965576489929339,-0.8432555626256005,-0.8164965809277261,0.4033433953185466,-0.9342256463389134,0.3455473702325442,0.5234035924210836,1.441153384245784,-0.9819408177344268,2.0641930513400744,-0.7680245771797114,1.3509455931607113,-1.0758876551830787,-0.9228657827002029,0.4069940684815212,-0.8589556903873335,-0.7433817634523111,0.6965260331469929,0.5654140912898757,0.4978876120159933,0.3090977212369663,0.42008402520840316,-0.8949064483033212,-0.7915797278058261,-0.9247289737602371,1.4411533842457842,0.4875664278957299,-0.9518614754555286,-0.7924058156930617,1.5762529945165282,-0.9496528264568826,0.16142686245425236,0.4069940684815212,0.081923192051904,-0.9011551125709447,1.5251421211619816,1.4968597790160594,0.4540606875676311,0.26475535141183226,1.934909630550336,-0.17568266877601882,0.09183164224876254,-1.893859005542886,1.2703569444440268,-0.3252205710339717,-0.11371019881511042,0.29269496892373975,-1.9214263864198493,0.32895432799539986,-1.0614735320733168,-1.5713445747718564,-1.7357537865880548,1.4992099160510688,-0.8935739520516267,1.245591403553287,-0.30166916066183286,-1.5659725958808062,-1.2817869181954027,1.184076123822879,-0.18373512758393556,-0.6085290796717286,0.46997718769259084,0.4304656249137889,1.1015797752772019,1.3992843764386058
Sample_21,0.17586311452816483,-0.8432555626256005,0.5443310539518175,0.4033433953185466,-0.9342256463389134,0.3455473702325442,1.8888042683021713,1.441153384245784,-0.9819408177344268,-0.7189885909162058,2.1120675872442067,1.3509455931607113,-1.0758876551830787,1.6525736108817586,1.763640963419925,0.3123475237772123,0.6954216496811941,-0.7960297521679919,-0.7915797278058261,-0.9246484223154162,1.5454886061848316,-0.9801960588196071,-0.8949064483033212,-0.7915797278058261,0.33626508136735905,1.4411533842457842,-0.8421601936380788,-0.9518614754555286,0.5282705437953745,-0.9798329425373014,-0.9496528264568826,-1.0492746059526405,-0.9496528264568826,-1.1469246887266564,-0.9011551125709447,-0.9819408177344264,1.4968597790160594,-0.8432555626256008,0.26475535141183226,0.5191220960013097,-0.3159887311126867,-1.7444212391805662,-0.20576519972409138,0.45424513320125864,-1.2534537093913483,-0.6769182934594518,0.4776574496228373,-0.188905324554779,-0.031637567338610874,-0.7692631933178942,-0.2829672868083155,-1.0798986067127134,1.2532201133461407,0.8617100258475903,-2.109601082189358,-0.7014542800358642,-1.3524756968891158,-0.7245928711650697,-0.10259617095841139,-1.3059539370595108,-0.9753436450263717,-0.7046538317596064,0.07266883807338638,0.12720706299899467,-0.733180392858022
Sample_22,-0.9965576489929339,0.454060687567631,-0.8164965809277261,1.6770593805350096,-0.9342256463389134,-0.9502552681394963,-0.8419970834600041,1.441153384245784,0.2716006517137776,0.6726022302119343,-0.7680245771797114,0.1039188917815932,-1.0758876551830787,1.6525736108817586,-0.9496528264568826,-0.8589556903873335,-0.7433817634523111,-0.7960297521679919,0.5654140912898757,-0.9246484223154162,0.3090977212369663,-0.9801960588196071,0.4147127443356854,-0.7915797278058261,-0.9247289737602371,0.24019223070763066,-0.8421601936380788,-0.9518614754555286,1.8489469032838104,1.5762529945165282,-0.9496528264568826,-1.0492746059526405,0.4069940684815212,-1.1469246887266564,-0.9011551125709447,-0.9819408177344264,0.2831896879219571,0.4540606875676311,-0.9571924243350858,-0.8966654385477165,-0.5250577290712677,-0.3013013334049277,-0.8397694037709624,2.352180180627958,0.49253553881211326,-1.004981114440951,0.9261692742557754,0.6736019739901143,-1.1647336860167816,0.9322355594866344,1.747097199485692,-1.2973506512897688,-0.7454141698293436,0.8431630347861403,-0.007408137494666361,0.8023874444210034,0.5078928966056757,0.5184559597156592,-1.3149350836285523,0.8599553728960275,1.0782716966374495,0.07700343795617988,-0.23195188926073165,-1.3607276114473963,0.4813000155416157
Sample_23,-0.9965576489929339,0.454060687567631,-0.8164965809277261,-0.8703725898979164,0.25840283834906114,-0.9502552681394963,0.5234035924210836,-0.9607689228305227,-0.9819408177344268,-0.7189885909162058,0.6720215050322476,1.3509455931607113,1.406930010624026,-0.9228657827002029,0.4069940684815212,-0.8589556903873335,-0.7433817634523111,2.189081818461978,-0.7915797278058261,-0.9246484223154162,-0.927293163710899,-0.9801960588196071,-0.8949064483033212,0.5654140912898757,-0.9247289737602371,1.4411533842457842,1.8172930494295387,-0.9518614754555286,-0.7924058156930617,-0.9798329425373014,0.4069940684815212,-1.0492746059526405,0.4069940684815212,-1.1469246887266564,0.32769276820761634,-0.9819408177344264,-0.9304804031721451,1.751376937760863,0.26475535141183226,-0.8966654385477165,-0.21135831624704868,0.14139219589447627,0.5049415570416292,-0.7415050916087392,0.5108309667599596,-0.7368088137800499,0.13861392533959893,-0.31496654140942504,0.15305527746501044,-0.34965969633103083,-0.1693967648219653,0.8393129486819617,-0.21389900698183162,-1.9241837287583923,1.4598686733897974,1.6451734628414758,-1.1456239892864037,0.875599499655228,-0.5117730108490907,0.1800470968789087,0.21874125899399524,0.07194045389874641,-1.1313035623829795,-0.579255819202479,-0.9242503626015605
Sample_24,1.3482838780492634,-0.8432555626256005,1.9051586888313607,0.4033433953185466,-0.9342256463389134,-0.9502552681394963,-0.8419970834600041,0.24019223070763063,0.2716006517137776,-0.7189885909162058,-0.7680245771797114,1.3509455931607113,1.406930010624026,0.3648539140907779,-0.9496528264568826,-0.8589556903873335,-0.7433817634523111,2.189081818461978,-0.7915797278058261,0.4978876120159933,-0.927293163710899,0.42008402520840316,0.4147127443356854,1.9224079103855773,-0.9247289737602371,-0.9607689228305228,-0.8421601936380788,1.586435792425881,1.8489469032838104,0.2982100259896134,0.4069940684815212,0.16142686245425236,-0.9496528264568826,1.3107710728304645,-0.9011551125709447,-0.9819408177344264,0.2831896879219571,-0.8432555626256008,-0.9571924243350858,0.5191220960013097,-0.05569752119091768,-0.5941510408637667,0.27365137570981385,0.8159410043980994,0.6037598207964033,-0.31564267444341537,0.3813148072426629,0.36099952341122593,0.38973109576304926,0.13090860891459352,0.8341423978712993,0.46233246832825153,-1.09938967413038,0.6865591535966227,0.603883026134019,-0.532664344086588,0.2014112338059114,0.8679805661852849,-0.22536366678188446,0.8822136015608624,2.2509495501863697,-0.48468710984566726,-1.856917502427086,0.345196989942571,0.6849996647189125
Sample_25,-0.9965576489929339,0.454060687567631,-0.8164965809277261,-0.8703725898979164,-0.9342256463389134,-0.9502552681394963,0.5234035924210836,-0.9607689228305227,0.2716006517137776,-0.7189885909162058,0.6720215050322476,1.3509455931607113,0.16552117772047362,-0.9228657827002029,-0.9496528264568826,-0.8589556903873335,0.6954216496811941,-0.7960297521679919,-0.7915797278058261,0.4978876120159933,-0.927293163710899,0.42008402520840316,-0.8949064483033212,-0.7915797278058261,0.33626508136735905,-0.9607689228305228,0.4875664278957299,-0.9518614754555286,-0.7924058156930617,1.5762529945165282,0.4069940684815212,0.16142686245425236,-0.9496528264568826,0.081923192051904,-0.9011551125709447,-0.9819408177344264,1.4968597790160594,-0.8432555626256008,1.4867031271587505,-0.8966654385477165,-0.8486392484098261,1.5261100310847076,-1.867514089644502,0.13920901082791487,-0.9822616140024298,1.8873102195915692,1.9993820731853442,-0.9089619280278616,-0.5903416527630402,0.9762600111176437,-0.4628949035353816,-0.11625570847536329,0.2970671468709526,-2.2543539222980944,-0.29065406718553666,-0.45797086204283227,-0.3363703978263337,1.776096005386693,-1.2466975575964447,0.656882078925093,-0.34407680892678694,0.02617291498829615,0.7810628152490767,0.3788824078999647,0.5366773664144822
Sample_26,-0.9965576489929339,0.454060687567631,1.9051586888313607,0.4033433953185466,1.4510313230370357,0.3455473702325442,0.5234035924210836,1.441153384245784,-0.9819408177344268,-0.7189885909162058,-0.7680245771797114,1.3509455931607113,1.406930010624026,-0.9228657827002029,0.4069940684815212,1.483650737941758,-0.7433817634523111,0.6965260331469929,1.9224079103855773,-0.9246484223154162,0.3090977212369663,-0.9801960588196071,1.724331936974692,1.9224079103855773,1.597259136494955,-0.9607689228305228,1.8172930494295387,1.586435792425881,-0.7924058156930617,1.5762529945165282,-0.9496528264568826,0.16142686245425236,-0.9496528264568826,-1.1469246887266564,-0.9011551125709447,0.27160065171377756,-0.9304804031721451,0.4540606875676311,-0.9571924243350858,-0.8966654385477165,0.1030480052146141,-0.10450915586333641,0.37337058095507164,-0.6995473384181933,0.06375455997074425,3.065430976741139,1.3091527121298796,-1.495050225725563,-1.331854115720045,0.568788873674624,0.6098009108492979,0.5353987284014977,-0.012887588690830789,-0.36229048080631443,0.04856364193388773,0.3296192958670972,-2.08439402901719,-0.22267169909566253,-0.8516005702328818,0.10347512726736066,2.8610951355648764,0.6793398169557513,-0.5600298068362263,0.9197336125759913,0.45028255416064905
Sample_27,0.17586311452816483,0.454060687567631,-0.8164965809277261,0.4033433953185466,1.4510313230370357,0.3455473702325442,-0.8419970834600041,-0.9607689228305227,1.525142121161982,-0.7189885909162058,2.1120675872442067,0.1039188917815932,1.406930010624026,0.3648539140907779,1.763640963419925,-0.8589556903873335,0.6954216496811941,-0.7960297521679919,-0.7915797278058261,0.4978876120159933,1.5454886061848316,1.8203641092364133,0.4147127443356854,-0.7915797278058261,-0.9247289737602371,0.24019223070763066,-0.8421601936380788,-0.9518614754555286,-0.7924058156930617,-0.9798329425373014,-0.9496528264568826,-1.0492746059526405,-0.9496528264568826,-1.1469246887266564,1.5565406489861773,-0.9819408177344264,-0.9304804031721451,0.4540606875676311,-0.9571924243350858,1.934909630550336,0.3029889312662157,0.7527174279554821,1.4028776462073786,-0.7387704970226769,1.0480852428346128,-0.6474395300724916,0.6730728797340922,-1.0614264191359786,-0.4635197257731705,-0.2693600340489044,1.1017830307684204,0.9406390640444167,-1.1082954087537737,-0.172064949925767,-0.9813070273379424,-1.0355253657175063,-0.056770298738055315,-0.31665184842415645,2.345573015001376,0.3270506026084192,-1.4228566462520802,-0.2614500325641952,1.0617107355997533,2.004356065222844,-1.5823843355387373
Sample_28,0.17586311452816483,-0.8432555626256005,-0.8164965809277261,1.6770593805350096,1.4510313230370357,-0.9502552681394963,0.5234035924210836,-0.9607689228305227,1.525142121161982,-0.7189885909162058,2.1120675872442067,0.1039188917815932,0.16552117772047362,0.3648539140907779,-0.9496528264568826,-0.8589556903873335,-0.7433817634523111,-0.7960297521679919,0.5654140912898757,-0.9246484223154162,-0.927293163710899,1.8203641092364133,1.724331936974692,1.9224079103855773,1.597259136494955,-0.9607689228305228,-0.8421601936380788,0.3172871584851762,0.5282705437953745,-0.9798329425373014,1.763640963419925,-1.0492746059526405,-0.9496528264568826,0.081923192051904,0.32769276820761634,0.27160065171377756,-0.9304804031721451,1.751376937760863,-0.9571924243350858,-0.8966654385477165,-1.522536908950932,1.1767941225997995,-0.20279901412165535,0.17247273493499415,1.0943048414173548,-2.28508548538132,0.16346732296562766,0.18864432433945472,0.8236318656100229,-1.0447791238100164,0.07990492342290649,-1.0812050863670568,0.5513550532973532,-1.1741672413151294,-0.6820332419077554,-0.7687820260124105,0.822370129220796,1.0771486244208395,-0.25004549714530244,-0.01533801609946646,-1.492546637383341,0.006074113369630352,-0.24012510418173932,2.499280359567652,-1.1166180934550731
Sample_29,1.3482838780492634,1.7513769377608628,1.9051586888313607,1.6770593805350096,0.25840283834906114,0.3455473702325442,-0.8419970834600041,-0.9607689228305227,-0.9819408177344268,-0.7189885909162058,0.6720215050322476,-1.1431078095975247,-1.0758876551830787,-0.9228657827002029,0.4069940684815212,-0.8589556903873335,2.1342250628146995,-0.7960297521679919,-0.7915797278058261,0.4978876120159933,1.5454886061848316,-0.9801960588196071,0.4147127443356854,0.5654140912898757,-0.9247289737602371,1.4411533842457842,0.4875664278957299,0.3172871584851762,1.8489469032838104,1.5762529945165282,0.4069940684815212,1.3721283308611454,0.4069940684815212,0.081923192051904,0.32769276820761634,0.27160065171377756,-0.9304804031721451,1.751376937760863,1.4867031271587505,-0.8966654385477165,1.766638097039493,1.8400668780325102,1.2334343429296337,2.425217481892242,0.3649665419559854,0.6129040860703984,0.11132310950260164,1.0869524690486612,0.9888377640530241,-0.6259844173835778,-1.5329745140114548,-0.2890332046836691,-0.6155431014537952,-0.29698356986397034,0.9514690992527152,-0.22195794389562357,0.11962792284214231,0.12110693927404156,0.8062612912725751,-1.997497424244706,-0.6658853829839062,0.5217119553271861,1.278802038322156,-0.39458217862864886,-1.8678964972119316
Sample_30,1.3482838780492634,-0.8432555626256005,-0.8164965809277261,0.4033433953185466,-0.9342256463389134,1.6413500086045847,1.8888042683021713,0.24019223070763063,-0.9819408177344268,-0.7189885909162058,0.6720215050322476,1.3509455931607113,0.16552117772047362,-0.9228657827002029,0.4069940684815212,0.3123475237772123,0.6954216496811941,-0.7960297521679919,0.5654140912898757,0.4978876120159933,1.5454886061848316,-0.9801960588196071,0.4147127443356854,1.9224079103855773,-0.9247289737602371,1.4411533842457842,0.4875664278957299,-0.9518614754555286,-0.7924058156930617,0.2982100259896134,-0.9496528264568826,0.16142686245425236,-0.9496528264568826,0.081923192051904,-0.9011551125709447,1.5251421211619816,1.4968597790160594,1.751376937760863,0.26475535141183226,-0.8966654385477165,1.0963852820425688,-1.1133194613842294,-1.7240478434297832,-0.3043776978504878,-0.6630007814915702,-0.33929810860741333,-1.8753176353440635,0.7595164973492707,1.1599983141975987,0.7518068779130687,-1.324539972056981,-0.2874003779191816,0.2617870404314272,0.40145378434305096,0.3865342348643889,-0.5031027776770248,0.24602653851161363,0.5979853010439238,1.3986539241026503,0.5625949716280597,0.7046222639833924,0.39308810642549424,1.5343858000854307,0.44369295549710225,-0.8701054182002187
Sample_31,0.17586311452816483,-0.8432555626256005,-0.8164965809277261,-0.8703725898979164,-0.9342256463389134,0.3455473702325442,0.5234035924210836,-0.9607689228305227,-0.9819408177344268,2.0641930513400744,-0.7680245771797114,-1.1431078095975247,-1.0758876551830787,0.3648539140907779,0.4069940684815212,-0.8589556903873335,-0.7433817634523111,0.6965260331469929,0.5654140912898757,-0.9246484223154162,1.5454886061848316,-0.9801960588196071,-0.8949064483033212,1.9224079103855773,-0.9247289737602371,0.24019223070763066,-0.8421601936380788,-0.9518614754555286,1.8489469032838104,-0.9798329425373014,1.763640963419925,-1.0492746059526405,-0.9496528264568826,-1.1469246887266564,0.32769276820761634,-0.9819408177344264,1.4968597790160594,-0.8432555626256008,1.4867031271587505,-0.8966654385477165,1.0834150465668855,0.10492904123254786,-1.0048604844040967,-0.8662083114712518,-0.2984535544023376,0.683823760722345,0.34244651280948596,0.17208462506014002,1.567817583405428,1.2049088400826569,0.2003868262191152,0.9657011992422097,-0.8725840111238405,0.18963250061815073,1.5191542668275477,0.020990009963645702,-0.6953681098902663,-0.7270592783098677,-1.083944451509101,-0.7292225249164773,-0.43396591909864735,-1.1099399477475704,-0.16015903169860568,0.9015819105432211,-0.9159614475197795
Sample_32,1.3482838780492634,0.454060687567631,0.5443310539518175,1.6770593805350096,0.25840283834906114,0.3455473702325442,-0.8419970834600041,-0.9607689228305227,1.525142121161982,0.6726022302119343,0.6720215050322476,-1.1431078095975247,-1.0758876551830787,-0.9228657827002029,0.4069940684815212,-0.8589556903873335,-0.7433817634523111,-0.7960297521679919,-0.7915797278058261,0.4978876120159933,-0.927293163710899,0.42008402520840316,-0.8949064483033212,-0.7915797278058261,-0.9247289737602371,-0.9607689228305228,-0.8421601936380788,-0.9518614754555286,0.5282705437953745,-0.9798329425373014,0.4069940684815212,1.3721283308611454,0.4069940684815212,-1.1469246887266564,-0.9011551125709447,-0.9819408177344264,-0.9304804031721451,1.751376937760863,-0.9571924243350858,-0.8966654385477165,1.810376293409005,0.6649456260626191,1.1852178673718676,0.3529539750831924,0.7305131097530517,-0.8060461293971916,0.9820228300546118,0.032216627615024335,0.4676804350704485,-1.2192131379174644,-1.0460144461171998,0.5884091505244295,-0.7795172835176941,0.25847163046269334,-1.6340551364023683,1.1036640235272102,-1.0851285619643836,0.7114778215151162,0.5889631216866565,-0.6528983823142186,0.5013373321209026,0.5713205403650067,-0.8337539265820422,-0.8749120194933229,-1.9524714204940175
Sample_33,0.17586311452816483,0.454060687567631,0.5443310539518175,-0.8703725898979164,-0.9342256463389134,0.3455473702325442,-0.8419970834600041,-0.9607689228305227,-0.9819408177344268,-0.7189885909162058,-0.7680245771797114,-1.1431078095975247,0.16552117772047362,0.3648539140907779,1.763640963419925,-0.8589556903873335,-0.7433817634523111,-0.7960297521679919,0.5654140912898757,0.4978876120159933,-0.927293163710899,1.8203641092364133,-0.8949064483033212,0.5654140912898757,0.33626508136735905,1.4411533842457842,0.4875664278957299,1.586435792425881,-0.7924058156930617,1.5762529945165282,-0.9496528264568826,1.3721283308611454,0.4069940684815212,1.3107710728304645,-0.9011551125709447,0.27160065171377756,0.2831896879219571,0.4540606875676311,-0.9571924243350858,-0.8966654385477165,0.24707715043749712,-1.2315933784081932,0.2843475314822658,-0.6809362302850734,-0.008568787673690337,-0.049299426817005665,-0.14371831498054458,0.5938488044437502,0.2583483111759356,0.3900274670912038,0.520259295094362,-1.750241992347324,1.1057193772617109,0.4158738981887423,-1.286163931214853,-0.005446333852016122,0.1231885153476909,-0.10884078589819253,0.30439709061606796,1.1930862571028304,0.9920371604908538,-1.01573758481512,0.5765985335477558,1.2982426894686807,0.3560719257231
Sample_34,-0.9965576489929339,-0.8432555626256005,1.9051586888313607,-0.8703725898979164,1.4510313230370357,-0.9502552681394963,-0.8419970834600041,0.24019223070763063,0.2716006517137776,-0.7189885909162058,0.6720215050322476,0.1039188917815932,-1.0758876551830787,1.6525736108817586,1.763640963419925,0.3123475237772123,-0.7433817634523111,0.6965260331469929,-0.7915797278058261,-0.9246484223154162,-0.927293163710899,-0.9801960588196071,1.724331936974692,0.5654140912898757,0.33626508136735905,-0.9607689228305228,-0.8421601936380788,-0.9518614754555286,1.8489469032838104,-0.9798329425373014,1.763640963419925,0.16142686245425236,-0.9496528264568826,0.081923192051904,-0.9011551125709447,1.5251421211619816,1.4968597790160594,-0.8432555626256008,-0.9571924243350858,0.5191220960013097,0.20051104946283949,1.3059093762049545,1.9492026348490448,-0.24121473244085317,1.4810980345741742,0.3788817255084425,0.18241360643371357,-0.49253263336731484,1.4368187712846274,-0.8339168644024405,1.7407094464765682,0.4816477971613631,-1.2781065658452075,0.157703599887499,-2.361582972713224,0.8775616436263565,1.05942802249712,-0.6557135150127007,0.09927823066492802,1.6465640113032574,-0.5667580495411985,-0.7601070793619376,1.6208894391859767,1.887348555029487,-0.020373012972976223
Sample_35,1.3482838780492634,-0.8432555626256005,0.5443310539518175,0.4033433953185466,0.25840283834906114,-0.9502552681394963,0.5234035924210836,1.441153384245784,-0.9819408177344268,-0.7189885909162058,2.1120675872442067,-1.1431078095975247,1.406930010624026,-0.9228657827002029,-0.9496528264568826,1.483650737941758,-0.7433817634523111,0.6965260331469929,-0.7915797278058261,0.4978876120159933,-0.927293163710899,-0.9801960588196071,1.724331936974692,-0.7915797278058261,0.33626508136735905,-0.9607689228305228,0.4875664278957299,-0.9518614754555286,1.8489469032838104,-0.9798329425373014,-0.9496528264568826,-1.0492746059526405,-0.9496528264568826,0.081923192051904,-0.9011551125709447,1.5251421211619816,-0.9304804031721451,-0.8432555626256008,0.26475535141183226,0.5191220960013097,1.4073186648345626,0.6929824437685856,-0.5226941876878839,-0.1851424586524481,1.015686319495369,1.854388402068243,0.6798735139280414,-1.022443147678848,1.843261719961381,-0.5238189671847033,-0.40320654277386786,0.30891759395052626,1.987311129881202,0.670551246592617,0.1349133413536712,0.7128387862817985,0.2070586460385731,0.718452685235958,-2.488314211147909,-0.30578881880655995,0.16679606905148248,-0.8530567495679665,0.2901978903613109,-0.12735833728711737,1.700918054833774
Sample_36,-0.9965576489929339,-0.8432555626256005,-0.8164965809277261,0.4033433953185466,0.25840283834906114,-0.9502552681394963,1.8888042683021713,1.441153384245784,0.2716006517137776,2.0641930513400744,-0.7680245771797114,-1.1431078095975247,-1.0758876551830787,-0.9228657827002029,0.4069940684815212,1.483650737941758,-0.7433817634523111,-0.7960297521679919,-0.7915797278058261,1.920423646347403,-0.927293163710899,0.42008402520840316,-0.8949064483033212,-0.7915797278058261,1.597259136494955,1.4411533842457842,-0.8421601936380788,1.586435792425881,0.5282705437953745,1.5762529945165282,-0.9496528264568826,0.16142686245425236,-0.9496528264568826,0.081923192051904,-0.9011551125709447,-0.9819408177344264,-0.9304804031721451,0.4540606875676311,-0.9571924243350858,0.5191220960013097,0.5831058218543722,-0.9583898418021439,-0.7233915422915838,0.16762335623957259,-0.25922939303497516,0.4269152497385562,-0.5395191361612219,-1.2739610270059476,0.5343195913398536,0.7280823522329398,-0.9418278034529275,0.9153106108732256,-0.42928909294749207,0.036976360044837064,0.537425897774093,0.20826951525743556,0.6234892682853694,-0.565026177216555,-0.2128336778031618,-0.22707239212523442,-0.8032330316457886,0.13010168867012198,-2.0604971064343816,-0.39388611442667965,-0.30392172434691245
Sample_37,1.3482838780492634,-0.8432555626256005,0.5443310539518175,-0.8703725898979164,1.4510313230370357,-0.9502552681394963,0.5234035924210836,1.441153384245784,1.525142121161982,0.6726022302119343,-0.7680245771797114,0.1039188917815932,1.406930010624026,0.3648539140907779,-0.9496528264568826,1.483650737941758,0.6954216496811941,0.6965260331469929,-0.7915797278058261,0.4978876120159933,-0.927293163710899,0.42008402520840316,-0.8949064483033212,0.5654140912898757,1.597259136494955,-0.9607689228305228,1.8172930494295387,-0.9518614754555286,1.8489469032838104,0.2982100259896134,0.4069940684815212,0.16142686245425236,1.763640963419925,-1.1469246887266564,-0.9011551125709447,0.27160065171377756,1.4968597790160594,0.4540606875676311,0.26475535141183226,-0.8966654385477165,0.4011901108292532,-0.7534321629317466,0.1330122129031328,-0.04386115069074914,1.3518500316877575,-0.3824297231967477,-0.9501654585885687,-1.1851369302315198,-0.530519711730399,-0.33066747013003717,-0.9024284339035296,-1.4876750882302299,-0.2353000793289545,-0.03867439617283263,0.3137594605108611,-0.3236244150306471,-0.2552313551658409,-1.0550562095166693,-0.05188141987010372,-0.7844481565271609,0.4925995573169198,-1.493720808938021,-0.6160351178838527,0.34267634400458064,0.15663059437177498
Sample_38,1.3482838780492634,-0.8432555626256005,0.5443310539518175,-0.8703725898979164,-0.9342256463389134,-0.9502552681394963,-0.8419970834600041,0.24019223070763063,-0.9819408177344268,-0.7189885909162058,-0.7680245771797114,-1.1431078095975247,-1.0758876551830787,-0.9228657827002029,0.4069940684815212,0.3123475237772123,0.6954216496811941,-0.7960297521679919,-0.7915797278058261,1.920423646347403,0.3090977212369663,-0.9801960588196071,-0.8949064483033212,-0.7915797278058261,-0.9247289737602371,-0.9607689228305228,0.4875664278957299,0.3172871584851762,0.5282705437953745,0.2982100259896134,1.763640963419925,0.16142686245425236,1.763640963419925,-1.1469246887266564,-0.9011551125709447,-0.9819408177344264,0.2831896879219571,1.751376937760863,-0.9571924243350858,1.934909630550336,2.7419819005090957,-0.2131442977018643,-0.7746529282056294,-0.5368793191518103,-1.8691042509685962,0.16285502571949378,-0.6085332217954581,0.7778929541800393,-0.5903254762065819,-0.07699126523722712,-0.7480919359400853,1.840217955231434,-0.08617592502613498,1.7024974964038098,0.5312789417675272,0.7319067685821237,0.5363930102281984,0.5221602835952692,-1.9012896066381033,-0.29041465493181384,0.7597086718956902,0.259149296908255,-1.886250740678234,0.014017626003222605,1.650441948133447
Sample_39,-0.9965576489929339,1.7513769377608628,-0.8164965809277261,-0.8703725898979164,-0.9342256463389134,-0.9502552681394963,-0.8419970834600041,-0.9607689228305227,1.525142121161982,0.6726022302119343,-0.7680245771797114,0.1039188917815932,0.16552117772047362,-0.9228657827002029,-0.9496528264568826,-0.8589556903873335,-0.7433817634523111,0.6965260331469929,-0.7915797278058261,0.4978876120159933,0.3090977212369663,-0.9801960588196071,0.4147127443356854,-0.7915797278058261,1.597259136494955,-0.9607689228305228,1.8172930494295387,0.3172871584851762,-0.7924058156930617,0.2982100259896134,1.763640963419925,0.16142686245425236,1.763640963419925,1.3107710728304645,-0.9011551125709447,-0.9819408177344264,0.2831896879219571,-0.8432555626256008,1.4867031271587505,1.934909630550336,0.3242578988186413,0.8725492729205684,0.3383909806727284,-0.7693156935129207,-1.814263337045069,-0.6456047426774609,1.6028499815763035,-0.41489017627398583,-0.29660252702727896,-0.2744822900402485,2.1675040188390473,1.7164295159248795,2.722129428054706,-0.39771325410683284,0.01654454260070606,-1.2976465837286084,1.65861941334031,-1.3430066651575439,0.19020394747890126,-1.0003257240829628,-0.6483745235612899,-0.5364329095433664,-0.9176202702131118,-0.438482690952105,-0.5627307816699695
Sample_40,-0.9965576489929339,-0.8432555626256005,0.5443310539518175,-0.8703725898979164,1.4510313230370357,-0.9502552681394963,0.5234035924210836,-0.9607689228305227,0.2716006517137776,-0.7189885909162058,0.6720215050322476,-1.1431078095975247,0.16552117772047362,1.6525736108817586,-0.9496528264568826,-0.8589556903873335,-0.7433817634523111,0.6965260331469929,0.5654140912898757,0.4978876120159933,-0.927293163710899,-0.9801960588196071,0.4147127443356854,-0.7915797278058261,1.597259136494955,-0.9607689228305228,0.4875664278957299,-0.9518614754555286,-0.7924058156930617,0.2982100259896134,0.4069940684815212,1.3721283308611454,-0.9496528264568826,-1.1469246887266564,0.32769276820761634,0.27160065171377756,-0.9304804031721451,-0.8432555626256008,-0.9571924243350858,1.934909630550336,-0.003983084413802274,-1.5423173580630718,0.40494428126879395,0.5894645758101364,0.30033031282599343,-0.4477238335615275,-0.0524152871729991,1.0429834707702668,0.12312206473490118,-0.5240815338740874,0.537030651420421,-1.2751432757872394,1.0223232266579003,0.20089518728738806,-0.5824744830041962,-0.6091260630109826,-0.7349092727553098,0.6905963835017083,1.177413692603933,-0.6013182068549751,0.3799341218124717,-1.7976382596874612,-0.8893654851687287,0.03386248178326809,-0.9178551416476738
Sample_41,-0.9965576489929339,-0.8432555626256005,-0.8164965809277261,-0.8703725898979164,-0.9342256463389134,0.3455473702325442,-0.8419970834600041,1.441153384245784,-0.9819408177344268,0.6726022302119343,2.1120675872442067,0.1039188917815932,0.16552117772047362,-0.9228657827002029,-0.9496528264568826,0.3123475237772123,2.1342250628146995,0.6965260331469929,0.5654140912898757,0.4978876120159933,-0.927293163710899,-0.9801960588196071,0.4147127443356854,1.9224079103855773,-0.9247289737602371,0.24019223070763066,-0.8421601936380788,0.3172871584851762,-0.7924058156930617,-0.9798329425373014,0.4069940684815212,-1.0492746059526405,0.4069940684815212,0.081923192051904,1.5565406489861773,-0.9819408177344264,-0.9304804031721451,-0.8432555626256008,1.4867031271587505,1.934909630550336,-1.4087059805946645,-1.1429400892042338,-0.2966406298032427,-0.6156591889051655,-2.2191666042535974,-1.7916479792481288,-0.3997660141500322,0.3188809491791307,-2.699028270240799,-0.4901177311476527,-0.6226029220389919,1.455873976256197,-0.1566914420861345,0.1738798145202562,-0.13669365439267203,-1.9210445863644445,0.9409227256497354,0.30907614214101037,0.4744989495748472,3.357180928185343,-2.116571536262184,2.048979200666105,-0.5283434663243207,0.3298665796776636,-0.06872448802940613
Sample_42,0.17586311452816483,1.7513769377608628,0.5443310539518175,0.4033433953185466,-0.9342256463389134,0.3455473702325442,-0.8419970834600041,1.441153384245784,0.2716006517137776,0.6726022302119343,-0.7680245771797114,-1.1431078095975247,-1.0758876551830787,-0.9228657827002029,-0.9496528264568826,1.483650737941758,0.6954216496811941,-0.7960297521679919,-0.7915797278058261,-0.9246484223154162,0.3090977212369663,0.42008402520840316,1.724331936974692,-0.7915797278058261,1.597259136494955,1.4411533842457842,-0.8421601936380788,1.586435792425881,-0.7924058156930617,1.5762529945165282,-0.9496528264568826,1.3721283308611454,1.763640963419925,1.3107710728304645,0.32769276820761634,-0.9819408177344264,-0.9304804031721451,-0.8432555626256008,-0.9571924243350858,0.5191220960013097,-0.3671567588354874,0.40852935706301274,0.5099074941131223,-1.0700346164460994,0.04556110170283011,-0.158658935909783,-0.8826673237529885,-0.5914130932404088,1.142992355132162,-0.5285268792515944,0.39304368860801864,-0.8679672970889404,1.106972234893139,0.4928958922776646,1.5581692643052958,0.06412754117993473,0.8401104028023885,0.16893695563049066,1.242653171621822,-0.6720341058223248,0.6613677817334415,0.11201448132145676,-0.25711325741748847,0.14803984203038587,0.22384590030616275
Sample_43,-0.9965576489929339,1.7513769377608628,0.5443310539518175,1.6770593805350096,-0.9342256463389134,1.6413500086045847,1.8888042683021713,-0.9607689228305227,0.2716006517137776,0.6726022302119343,-0.7680245771797114,0.1039188917815932,-1.0758876551830787,-0.9228657827002029,-0.9496528264568826,-0.8589556903873335,-0.7433817634523111,-0.7960297521679919,1.9224079103855773,0.4978876120159933,1.5454886061848316,-0.9801960588196071,-0.8949064483033212,0.5654140912898757,-0.9247289737602371,-0.9607689228305228,0.4875664278957299,-0.9518614754555286,0.5282705437953745,0.2982100259896134,-0.9496528264568826,-1.0492746059526405,0.4069940684815212,-1.1469246887266564,-0.9011551125709447,1.5251421211619816,-0.9304804031721451,0.4540606875676311,1.4867031271587505,-0.8966654385477165,-0.7576515562178447,1.1253948349302678,1.712635612815167,1.7621744683866765,0.13540990914496778,-0.19635323633264773,-0.6603900333777243,0.8179173177409749,0.7773669221036518,1.6376291049329366,-0.7118409600498283,-0.318165479453661,-1.543652637172634,-0.6438686169859089,0.7123633508391325,-0.23129354556036275,0.8115788172161393,-0.1757354379268339,0.2948362241386044,-1.0440339043564644,0.013507668846530868,-2.7100237274061607,-0.4061870251443708,-1.453107605687558,1.1610003506608944
Sample_44,-0.9965576489929339,-0.8432555626256005,-0.8164965809277261,-0.8703725898979164,0.25840283834906114,-0.9502552681394963,0.5234035924210836,1.441153384245784,1.525142121161982,0.6726022302119343,-0.7680245771797114,0.1039188917815932,0.16552117772047362,-0.9228657827002029,-0.9496528264568826,1.483650737941758,-0.7433817634523111,-0.7960297521679919,-0.7915797278058261,-0.9246484223154162,1.5454886061848316,0.42008402520840316,0.4147127443356854,-0.7915797278058261,-0.9247289737602371,-0.9607689228305228,-0.8421601936380788,-0.9518614754555286,0.5282705437953745,-0.9798329425373014,0.4069940684815212,-1.0492746059526405,-0.9496528264568826,-1.1469246887266564,1.5565406489861773,1.5251421211619816,1.4968597790160594,-0.8432555626256008,-0.9571924243350858,0.5191220960013097,-0.04837201518357081,-0.10635547610723634,0.8870190799709824,-1.268768791051529,1.4070481248007345,1.133152204482558,-0.05798140230035784,0.9987523382143606,-1.124468348750434,-0.8404816526734992,-0.7171322522592602,-0.646494429286311,-0.8991562423805294,1.0597869376741986,-0.5338784968369639,0.6003456129282789,-0.41457632740268474,-2.1227475283249477,0.24217001174398703,-1.7072297294356553,-0.137552787964643,-1.072346950327441,2.235141048276956,0.9100287142198772,0.07990882989931954
Sample_45,-0.9965576489929339,1.7513769377608628,-0.8164965809277261,-0.8703725898979164,-0.9342256463389134,-0.9502552681394963,0.5234035924210836,-0.9607689228305227,-0.9819408177344268,-0.7189885909162058,-0.7680245771797114,0.1039188917815932,1.406930010624026,1.6525736108817586,0.4069940684815212,-0.8589556903873335,0.6954216496811941,-0.7960297521679919,-0.7915797278058261,1.920423646347403,-0.927293163710899,1.8203641092364133,-0.8949064483033212,0.5654140912898757,0.33626508136735905,1.4411533842457842,0.4875664278957299,0.3172871584851762,-0.7924058156930617,0.2982100259896134,-0.9496528264568826,0.16142686245425236,0.4069940684815212,0.081923192051904,-0.9011551125709447,-0.9819408177344264,0.2831896879219571,-0.8432555626256008,-0.9571924243350858,-0.8966654385477165,0.3376039405307354,0.15589773946406388,-0.05458771949711511,-0.28366254669444635,-0.323121984639095,1.459041814964199,0.8364194614838347,0.14943505669453094,-1.6507832660681214,-0.9866882761899352,-0.15933598846004718,0.035922814859320466,-0.9805809720412164,2.313198390519332,1.2283845394663138,0.8538109974626297,0.2359418085721958,-0.20166119365253513,-0.9496305714095955,0.0187016351209444,0.18292944355336296,-0.9446339651357857,0.22684638807098315,-0.0816059468981631,-1.898607372137581
Sample_46,1.3482838780492634,0.454060687567631,-0.8164965809277261,-0.8703725898979164,-0.9342256463389134,0.3455473702325442,0.5234035924210836,-0.9607689228305227,-0.9819408177344268,-0.7189885909162058,0.6720215050322476,0.1039188917815932,-1.0758876551830787,-0.9228657827002029,-0.9496528264568826,1.483650737941758,-0.7433817634523111,0.6965260331469929,0.5654140912898757,-0.9246484223154162,-0.927293163710899,-0.9801960588196071,0.4147127443356854,0.5654140912898757,0.33626508136735905,0.24019223070763066,-0.8421601936380788,1.586435792425881,0.5282705437953745,-0.9798329425373014,1.763640963419925,0.16142686245425236,0.4069940684815212,0.081923192051904,1.5565406489861773,0.27160065171377756,-0.9304804031721451,-0.8432555626256008,1.4867031271587505,-0.8966654385477165,-0.07836782823738857,-0.1797067574762394,1.240226491542882,0.02226694417424306,-1.5351211473941742,0.705716464586916,-1.2677620416387207,0.9456719506325888,-0.5150943986702039,-0.052039844477344575,1.503563674321575,-1.4778578695231277,-1.2756874762712098,-0.8454196757813751,0.7538658755888258,-1.3003918305906348,-2.705005400204097,-0.4870659334834449,0.5168976166678374,0.9926217106291199,-0.5249430789922811,-0.10669884220190883,1.2227016811418325,-1.6755546817864388,-0.4057631057476086
Sample_47,-0.9965576489929339,-0.8432555626256005,-0.8164965809277261,0.4033433953185466,1.4510313230370357,-0.9502552681394963,-0.8419970834600041,-0.9607689228305227,1.525142121161982,0.6726022302119343,-0.7680245771797114,1.3509455931607113,1.406930010624026,1.6525736108817586,1.763640963419925,-0.8589556903873335,0.6954216496811941,-0.7960297521679919,1.9224079103855773,0.4978876120159933,0.3090977212369663,0.42008402520840316,-0.8949064483033212,0.5654140912898757,1.597259136494955,1.4411533842457842,-0.8421601936380788,-0.9518614754555286,-0.7924058156930617,0.2982100259896134,1.763640963419925,-1.0492746059526405,0.4069940684815212,1.3107710728304645,0.32769276820761634,0.27160065171377756,0.2831896879219571,0.4540606875676311,-0.9571924243350858,0.5191220960013097,-0.5142610087764068,-0.12230217829725681,-1.0691699057379127,0.26057343798607363,-1.1962965298090482,-0.39055697590261207,0.57892639378226,-1.1252157597694836,-0.006513833403005889,0.531039225346319,-0.41171493063069714,0.12045481700686404,-0.7954211709370496,-0.4478732546292265,0.32883507800180056,0.4017961561892151,-0.4309609994495012,0.3196107397837048,0.6757447519380818,-1.8266612366956114,1.067946002981915,-0.030838825367746757,0.33778008412682214,1.175814291593347,-1.3718046848497505
Sample_48,0.17586311452816483,1.7513769377608628,0.5443310539518175,0.4033433953185466,-0.9342256463389134,-0.9502552681394963,-0.8419970834600041,-0.9607689228305227,0.2716006517137776,2.0641930513400744,-0.7680245771797114,-1.1431078095975247,1.406930010624026,-0.9228657827002029,0.4069940684815212,0.3123475237772123,0.6954216496811941,-0.7960297521679919,-0.7915797278058261,0.4978876120159933,0.3090977212369663,-0.9801960588196071,0.4147127443356854,-0.7915797278058261,0.33626508136735905,-0.9607689228305228,1.8172930494295387,-0.9518614754555286,-0.7924058156930617,-0.9798329425373014,-0.9496528264568826,1.3721283308611454,1.763640963419925,-1.1469246887266564,-0.9011551125709447,0.27160065171377756,1.4968597790160594,0.4540606875676311,-0.9571924243350858,-0.8966654385477165,-0.5935238111189952,0.665547972944305,-0.5624470014360541,1.7188562719538445,-1.1723859898051523,-0.2921644410616587,0.3489966089974896,-1.345699693862719,-0.4427143205253367,0.3914269466250802,-0.40059209023487186,-0.16886179888057645,-0.316244087920235,-1.8270540566824647,0.042323311639588405,2.0244159824955665,0.18162778371419888,0.32086214126251633,0.6543981906535759,-1.1495457927975568,1.601555720251358,0.5126750833619346,1.8033544283249403,-0.6187604354110537,1.762414993449583
Sample_49,0.17586311452816483,-0.8432555626256005,0.5443310539518175,-0.8703725898979164,0.25840283834906114,-0.9502552681394963,0.5234035924210836,-0.9607689228305227,0.2716006517137776,-0.7189885909162058,0.6720215050322476,0.1039188917815932,0.16552117772047362,0.3648539140907779,0.4069940684815212,1.483650737941758,-0.7433817634523111,2.189081818461978,-0.7915797278058261,-0.9246484223154162,-0.927293163710899,-0.9801960588196071,0.4147127443356854,0.5654140912898757,0.33626508136735905,0.24019223070763066,-0.8421601936380788,-0.9518614754555286,-0.7924058156930617,-0.9798329425373014,-0.9496528264568826,-1.0492746059526405,0.4069940684815212,0.081923192051904,1.5565406489861773,1.5251421211619816,0.2831896879219571,-0.8432555626256008,0.26475535141183226,0.5191220960013097,0.5848009823640897,-0.027437197079398835,0.41793186338963484,-0.6681417284213812,0.9926944617133928,0.3745437440239198,-1.6551928542528993,-1.2604937682362172,-0.2414009909414296,0.38338557075844765,-0.08342902156987601,1.2701602489460493,-1.8881840289843428,-0.07857654528197607,-2.0815987832044223,1.0138369623044996,0.06733910556594962,0.552991264511305,-0.8637690036266586,1.061323935755514,0.9527194604288165,0.8973803640657694,-0.33647933032367217,0.6018292282382218,-0.7185937779300977
Sample_50,-0.9965576489929339,-0.8432555626256005,1.9051586888313607,-0.8703725898979164,0.25840283834906114,0.3455473702325442,-0.8419970834600041,-0.9607689228305227,-0.9819408177344268,-0.7189885909162058,-0.7680245771797114,1.3509455931607113,-1.0758876551830787,0.3648539140907779,-0.9496528264568826,1.483650737941758,-0.7433817634523111,-0.7960297521679919,1.9224079103855773,1.920423646347403,-0.927293163710899,1.8203641092364133,-0.8949064483033212,-0.7915797278058261,-0.9247289737602371,-0.9607689228305228,0.4875664278957299,-0.9518614754555286,-0.7924058156930617,0.2982100259896134,0.4069940684815212,-1.0492746059526405,0.4069940684815212,-1.1469246887266564,0.32769276820761634,0.27160065171377756,1.4968597790160594,-0.8432555626256008,-0.9571924243350858,-0.8966654385477165,0.013654324666899986,0.9744166808350919,1.9943802313849006,-1.0806930779519242,0.35686774736430626,-0.9988116143373355,0.6886504440116216,0.31177752920958574,-1.8569836686984664,-1.2043146427615417,-0.34351127579954993,-0.39635928083764277,-1.068227179232565,0.18019619923054095,-0.0272833865305363,0.04513369631907478,-0.6023633461201929,1.3043927855538444,1.5933102066970892,-0.46795600940813425,-0.6712531138165573,0.8041984460348108,-0.6140909765083442,-0.06685924018917624,0.7027754515930699
Sample_51,-0.9965576489929339,-0.8432555626256005,1.9051586888313607,-0.8703725898979164,-0.9342256463389134,0.3455473702325442,-0.8419970834600041,0.24019223070763063,-0.9819408177344268,-0.7189885909162058,-0.7680245771797114,-1.1431078095975247,1.406930010624026,-0.9228657827002029,0.4069940684815212,-0.8589556903873335,-0.7433817634523111,2.189081818461978,-0.7915797278058261,0.4978876120159933,1.5454886061848316,0.42008402520840316,1.724331936974692,-0.7915797278058261,-0.9247289737602371,-0.9607689228305228,0.4875664278957299,1.586435792425881,-0.7924058156930617,0.2982100259896134,-0.9496528264568826,0.16142686245425236,-0.9496528264568826,1.3107710728304645,0.32769276820761634,-0.9819408177344264,-0.9304804031721451,-0.8432555626256008,-0.9571924243350858,-0.8966654385477165,-2.180857160770406,0.6718079749721045,1.033119977087514,-0.8078941491483317,-0.5907952550082983,0.2040787388032082,-1.4374935930982145,1.3590975052715344,-0.02345528786299257,0.5268640252240647,1.073924318000618,-1.186183215216139,0.7924781063360643,-0.5122312183441113,0.5636593563971583,-1.91765399855325,0.0626448529267019,-0.6682126839271805,0.40037013036550073,0.35921822675660636,-0.7649852323289952,-0.41019924013536474,-0.31357682224153116,-0.7708673860980266,0.8033249773443448
Sample_52,1.3482838780492634,0.454060687567631,0.5443310539518175,-0.8703725898979164,1.4510313230370357,0.3455473702325442,-0.8419970834600041,0.24019223070763063,0.2716006517137776,-0.7189885909162058,-0.7680245771797114,-1.1431078095975247,-1.0758876551830787,1.6525736108817586,1.763640963419925,0.3123475237772123,-0.7433817634523111,-0.7960297521679919,0.5654140912898757,0.4978876120159933,-0.927293163710899,0.42008402520840316,1.724331936974692,-0.7915797278058261,-0.9247289737602371,0.24019223070763066,-0.8421601936380788,-0.9518614754555286,-0.7924058156930617,-0.9798329425373014,0.4069940684815212,0.16142686245425236,-0.9496528264568826,1.3107710728304645,1.5565406489861773,1.5251421211619816,-0.9304804031721451,-0.8432555626256008,1.4867031271587505,0.5191220960013097,0.311480183193426,-2.457992182182364,-0.16854206870996755,-1.3456298872106236,-0.5468781649362969,-0.9454343638287052,0.26133248072290655,1.1923247560332448,0.2373630652466503,-0.6053003847793533,0.5049179773071033,-0.5698617320453325,-0.49896831132519304,-1.4473085842185573,-2.015932235388005,-0.1535402190690158,0.3230470426203856,-0.06360466369004913,-0.4269137231350508,-0.8688629941959104,0.5270826419957829,-1.0206952840702035,0.7636367973679983,-0.8690199135906855,-0.7633437972240752
Sample_53,-0.9965576489929339,-0.8432555626256005,-0.8164965809277261,1.6770593805350096,0.25840283834906114,-0.9502552681394963,-0.8419970834600041,0.24019223070763063,1.525142121161982,-0.7189885909162058,0.6720215050322476,1.3509455931607113,-1.0758876551830787,0.3648539140907779,-0.9496528264568826,0.3123475237772123,0.6954216496811941,0.6965260331469929,0.5654140912898757,-0.9246484223154162,1.5454886061848316,0.42008402520840316,-0.8949064483033212,0.5654140912898757,0.33626508136735905,-0.9607689228305228,1.8172930494295387,1.586435792425881,-0.7924058156930617,1.5762529945165282,-0.9496528264568826,-1.0492746059526405,-0.9496528264568826,1.3107710728304645,0.32769276820761634,-0.9819408177344264,-0.9304804031721451,0.4540606875676311,-0.9571924243350858,1.934909630550336,-1.8295884746835736,-0.9909156007863813,0.36137728935226704,1.359272641040654,0.8243941762718013,0.7403077948683872,-0.8583013894887785,-0.4718486667605783,-0.8116170193241322,1.4843418923519505,-1.3923908109782006,0.9134928698112375,1.2562666094669377,1.699400499183894,-0.6836073960576965,0.9657155019655879,2.473521130468118,-0.6859150972310044,-1.518352861926206,-1.679259903258552,0.6296586853392664,-1.5918950927032367,-0.6314510162047859,0.4693064611132057,0.1579482750087694
Sample_54,1.3482838780492634,0.454060687567631,1.9051586888313607,-0.8703725898979164,1.4510313230370357,0.3455473702325442,0.5234035924210836,-0.9607689228305227,1.525142121161982,-0.7189885909162058,-0.7680245771797114,-1.1431078095975247,0.16552117772047362,0.3648539140907779,0.4069940684815212,1.483650737941758,-0.7433817634523111,0.6965260331469929,-0.7915797278058261,1.920423646347403,1.5454886061848316,0.42008402520840316,0.4147127443356854,-0.7915797278058261,-0.9247289737602371,1.4411533842457842,-0.8421601936380788,-0.9518614754555286,-0.7924058156930617,1.5762529945165282,-0.9496528264568826,-1.0492746059526405,0.4069940684815212,1.3107710728304645,-0.9011551125709447,-0.9819408177344264,-0.9304804031721451,-0.8432555626256008,-0.9571924243350858,0.5191220960013097,0.942195823557136,0.40133168684122933,2.194982969680522,-1.2716843866314307,0.17621416900832346,-0.5001676143353356,0.9265932807386809,0.7628584142762515,0.3697979191653344,1.325676559851732,-1.370868163177601,1.7616774917210198,1.9531233080856942,0.5457430429359811,1.4918480346902028,-1.4397874230832952,-0.36809215719908933,-0.8264518055275176,0.6824446501323861,-0.9594167643650926,0.673631676234493,1.6915765913038228,0.6654452272332879,0.32654023602606,-0.9946842044298922
Sample_55,0.17586311452816483,0.454060687567631,-0.8164965809277261,1.6770593805350096,-0.9342256463389134,1.6413500086045847,0.5234035924210836,-0.9607689228305227,0.2716006517137776,-0.7189885909162058,0.6720215050322476,-1.1431078095975247,-1.0758876551830787,1.6525736108817586,-0.9496528264568826,1.483650737941758,-0.7433817634523111,0.6965260331469929,0.5654140912898757,0.4978876120159933,-0.927293163710899,-0.9801960588196071,-0.8949064483033212,-0.7915797278058261,0.33626508136735905,1.4411533842457842,1.8172930494295387,0.3172871584851762,0.5282705437953745,0.2982100259896134,-0.9496528264568826,1.3721283308611454,0.4069940684815212,0.081923192051904,-0.9011551125709447,-0.9819408177344264,-0.9304804031721451,1.751376937760863,0.26475535141183226,-0.8966654385477165,-0.7025861506048934,1.340035886994394,0.17261467729917845,0.8836271277865607,-0.8398442630303176,-1.7007371372259468,-0.8280119320109581,1.7767688477404397,-1.2915574933574132,0.2533743383727596,1.1380914512864635,-1.4425051843573062,0.4732171178982791,0.7590683026336317,-0.264509647075435,3.1550690319634938,-1.5267233765557473,1.3163624753795662,-0.1897532069167958,0.621070720239729,0.3631635401712719,-0.431373652355376,0.09906674040849486,-1.6645468429002335,0.5687438806303916
Sample_56,1.3482838780492634,-0.8432555626256005,-0.8164965809277261,-0.8703725898979164,0.25840283834906114,1.6413500086045847,-0.8419970834600041,1.441153384245784,-0.9819408177344268,2.0641930513400744,0.6720215050322476,1.3509455931607113,-1.0758876551830787,1.6525736108817586,0.4069940684815212,-0.8589556903873335,2.1342250628146995,-0.7960297521679919,1.9224079103855773,-0.9246484223154162,0.3090977212369663,0.42008402520840316,-0.8949064483033212,-0.7915797278058261,-0.9247289737602371,-0.9607689228305228,-0.8421601936380788,0.3172871584851762,-0.7924058156930617,-0.9798329425373014,0.4069940684815212,-1.0492746059526405,1.763640963419925,1.3107710728304645,0.32769276820761634,0.27160065171377756,1.4968597790160594,-0.8432555626256008,-0.9571924243350858,-0.8966654385477165,0.8411685617913057,0.050796676841111436,0.4411403845097486,-0.1397553339818972,0.19522162898630518,-0.6040279457392025,-0.4970059715651849,1.0500129185234461,1.3149015945008176,-0.20789286130797419,0.03434679802305736,-1.0583862990232755,1.565622939342809,0.47170935475737324,1.6501004628305,-0.6494765673095153,-0.21979860813231097,0.32824576691757285,0.6093066474188689,-0.2355802021174174,-0.9273295034488106,1.1979703294661554,0.69694969705175,-0.7891190724082201,1.307847553747582
Sample_57,0.17586311452816483,-0.8432555626256005,0.5443310539518175,1.6770593805350096,1.4510313230370357,0.3455473702325442,-0.8419970834600041,1.441153384245784,0.2716006517137776,-0.7189885909162058,-0.7680245771797114,1.3509455931607113,0.16552117772047362,1.6525736108817586,1.763640963419925,0.3123475237772123,0.6954216496811941,-0.7960297521679919,-0.7915797278058261,-0.9246484223154162,0.3090977212369663,0.42008402520840316,1.724331936974692,-0.7915797278058261,0.33626508136735905,0.24019223070763066,0.4875664278957299,0.3172871584851762,-0.7924058156930617,0.2982100259896134,-0.9496528264568826,-1.0492746059526405,-0.9496528264568826,0.081923192051904,1.5565406489861773,0.27160065171377756,0.2831896879219571,0.4540606875676311,0.26475535141183226,-0.8966654385477165,0.8983469297185853,-0.4100569289006947,0.2691798068614121,1.3922285320981962,0.03625441427322451,0.2688444506106179,-1.8262318160125326,0.7388470320774648,-1.5611818946840188,1.6708000560911143,-0.39744618501633283,-0.29855792632801226,-0.42503927751825266,-0.5337413582872846,1.1312376662468757,-2.2837997232903926,1.4561196140533132,0.4555433378316379,-1.198434290308677,-0.9812510967748183,1.575906631343252,-0.6456682642869807,-1.5802996657115467,1.1200953589623404,0.3086561495253724
Sample_58,-0.9965576489929339,-0.8432555626256005,-0.8164965809277261,-0.8703725898979164,-0.9342256463389134,-0.9502552681394963,1.8888042683021713,-0.9607689228305227,-0.9819408177344268,-0.7189885909162058,0.6720215050322476,-1.1431078095975247,-1.0758876551830787,0.3648539140907779,-0.9496528264568826,-0.8589556903873335,-0.7433817634523111,-0.7960297521679919,-0.7915797278058261,-0.9246484223154162,1.5454886061848316,0.42008402520840316,0.4147127443356854,-0.7915797278058261,1.597259136494955,-0.9607689228305228,-0.8421601936380788,0.3172871584851762,-0.7924058156930617,-0.9798329425373014,0.4069940684815212,1.3721283308611454,-0.9496528264568826,0.081923192051904,1.5565406489861773,-0.9819408177344264,-0.9304804031721451,-0.8432555626256008,-0.9571924243350858,-0.8966654385477165,-1.4098324015509291,-0.33483070194258535,-1.5661570253410797,0.48901152006556037,0.2810590757617512,0.7497575940929848,0.4941538434263486,1.6261084602740825,-0.06340357448248998,-1.2259872317154106,0.4975359454590045,2.220923827883497,-0.8529432879235355,-0.6111692928276992,0.13648231792540377,0.18766408048502084,-0.8317421078200871,1.3917649335023201,2.241531481430095,0.12162153591963373,-0.9578739714598089,-1.2546461256842052,0.13427306070497266,1.0890089078428422,0.44289329817885276
Sample_59,1.3482838780492634,0.454060687567631,0.5443310539518175,-0.8703725898979164,1.4510313230370357,1.6413500086045847,1.8888042683021713,-0.9607689228305227,0.2716006517137776,-0.7189885909162058,-0.7680245771797114,-1.1431078095975247,0.16552117772047362,0.3648539140907779,-0.9496528264568826,-0.8589556903873335,-0.7433817634523111,-0.7960297521679919,-0.7915797278058261,-0.9246484223154162,0.3090977212369663,-0.9801960588196071,-0.8949064483033212,-0.7915797278058261,1.597259136494955,0.24019223070763066,0.4875664278957299,-0.9518614754555286,0.5282705437953745,-0.9798329425373014,0.4069940684815212,1.3721283308611454,0.4069940684815212,1.3107710728304645,0.32769276820761634,-0.9819408177344264,1.4968597790160594,-0.8432555626256008,0.26475535141183226,-0.8966654385477165,0.602612146589109,-0.3402186433391529,-0.8595243231997528,0.26083955245977275,1.3815945951848605,-1.2408019002185673,1.6277241941886174,0.43559826174220045,1.2796529168962782,-1.3988624051958067,-1.5864453555767257,-0.22980888319861686,0.8248866825243654,1.664327379160975,0.42399661450266785,-0.004025544588074523,-0.8763654189088935,1.520931948631711,-0.9621017782717329,1.3640557819291863,-0.34940044894490135,1.9136368938748256,0.6456773996434073,-0.06462637737194177,-0.5343608703596017
Sample_60,-0.9965576489929339,-0.8432555626256005,-0.8164965809277261,-0.8703725898979164,0.25840283834906114,-0.9502552681394963,-0.8419970834600041,0.24019223070763063,-0.9819408177344268,0.6726022302119343,0.6720215050322476,1.3509455931607113,0.16552117772047362,-0.9228657827002029,0.4069940684815212,-0.8589556903873335,-0.7433817634523111,0.6965260331469929,-0.7915797278058261,0.4978876120159933,1.5454886061848316,1.8203641092364133,1.724331936974692,-0.7915797278058261,-0.9247289737602371,0.24019223070763066,-0.8421601936380788,0.3172871584851762,0.5282705437953745,0.2982100259896134,-0.9496528264568826,-1.0492746059526405,-0.9496528264568826,-1.1469246887266564,1.5565406489861773,-0.9819408177344264,-0.9304804031721451,-0.8432555626256008,0.26475535141183226,0.5191220960013097,-0.9359792308203532,-0.14140104670653475,-0.5037751740855115,-0.9642436272642894,-0.04249577714218761,0.3153531539481728,-1.8044041026311555,0.3193638543320768,-1.0030363017650272,-1.1951975678999667,-1.9555539218878997,-2.0334945911413658,-1.2296154527702046,-0.9776809532815304,1.6620540823985104,-0.29159426051513687,0.34299293452686525,0.530143842371333,0.10661008547009732,-0.11568213383485976,-1.2438311574371774,1.772703925360594,2.0163687418826024,-1.5016242428284707,-1.030210188237389
